model,duration,output
mlx-community/Qwen2.5-VL-3B-Instruct-4bit,46.179295,このスクリーンショットでは、ドメインを別のアカウントに移行するための計画が示されています。最も重要な内容は、ドメインを別のアカウントに移行するための計画です。

ドメインを別のアカウントに移行するための計画：

1. subのドメインをAAに移行する。
2. subのドメインをBに移行する。

これらの計画は、ドメインを別のアカウントに移行するための具体的な手順を示しています。ドメインを別のアカウントに移行するための計画は、ドメインの管理と移行のプロセスを詳細に説明しています。
mlx-community/Qwen2.5-VL-3B-Instruct-4bit,52.802173,このスクリーンショットでは、ドメインを別のアカウントに移行するための計画が示されています。最も重要な内容は、ドメインを別のアカウントに移行するための計画です。

ドメインを別のアカウントに移行するための計画：

1. subのドメインをAAに移行する。
2. subのドメインをBに移行する。

これらの計画は、ドメインを別のアカウントに移行するための具体的な手順を示しています。ドメインを別のアカウントに移行するための計画は、ドメインの管理と移行のプロセスを詳細に説明しています。
mlx-community/Qwen2.5-VL-3B-Instruct-4bit,50.256969,このスクリーンショットでは、ドメインを別のアカウントに移行するための計画が示されています。最も重要な内容は、ドメインを別のアカウントに移行するための計画です。

ドメインを別のアカウントに移行するための計画：

1. subのドメインをAAに移行する。
2. subのドメインをBに移行する。

これらの計画は、ドメインを別のアカウントに移行するための具体的な手順を示しています。ドメインを別のアカウントに移行するための計画は、ドメインの管理と移行のプロセスを詳細に説明しています。
mlx-community/Qwen2.5-VL-3B-Instruct-4bit,59.805154,このスクリーンショットでは、ドメインを別のアカウントに移行するための計画が示されています。最も重要な内容は、ドメインを別のアカウントに移行するための計画です。

ドメインを別のアカウントに移行するための計画：

1. subのドメインをAAに移行する。
2. subのドメインをBに移行する。

これらの計画は、ドメインを別のアカウントに移行するための具体的な手順を示しています。ドメインを別のアカウントに移行するための計画は、ドメインの管理と移行のプロセスを詳細に説明しています。
mlx-community/Qwen2.5-VL-3B-Instruct-4bit,49.152952,このスクリーンショットでは、ドメインを別のアカウントに移行するための計画が示されています。最も重要な内容は、ドメインを別のアカウントに移行するための計画です。

ドメインを別のアカウントに移行するための計画：

1. subのドメインをAAに移行する。
2. subのドメインをBに移行する。

これらの計画は、ドメインを別のアカウントに移行するための具体的な手順を示しています。ドメインを別のアカウントに移行するための計画は、ドメインの管理と移行のプロセスを詳細に説明しています。
mlx-community/Phi-3.5-vision-instruct-4bit,21.168763,

指示にå¾い、画面のスクリーンショットがあります。この画面は、AWSのデータセンターの設定に関する情報を提ä¾しています。このデータセンターの設定には、ドメイン名、AWS Load Balancerの設定、ACMの設定、Route53の設定、およびèª¿æ´がå«まれています。これらの設定は、AWSのデータセンターのアクセスに関する重要な情報を提ä¾し、アプリケーションのèª¿æ´やデータセンターのアクセス性能に関する重要なèª¿æ´を行うための基ç¤となります。<|end|>
mlx-community/Phi-3.5-vision-instruct-4bit,20.236638,

指示にå¾い、画面のスクリーンショットがあります。この画面は、AWSのデータセンターの設定に関する情報を提ä¾しています。このデータセンターの設定には、ドメイン名、AWS Load Balancerの設定、ACMの設定、Route53の設定、およびèª¿æ´がå«まれています。これらの設定は、AWSのデータセンターのアクセスに関する重要な情報を提ä¾し、アプリケーションのèª¿æ´やデータセンターのアクセス性能に関する重要なèª¿æ´を行うための基ç¤となります。<|end|>
mlx-community/Phi-3.5-vision-instruct-4bit,26.066246,

指示にå¾い、画面のスクリーンショットがあります。この画面は、AWSのデータセンターの設定に関する情報を提ä¾しています。このデータセンターの設定には、ドメイン名、AWS Load Balancerの設定、ACMの設定、Route53の設定、およびèª¿æ´がå«まれています。これらの設定は、AWSのデータセンターのアクセスに関する重要な情報を提ä¾し、アプリケーションのèª¿æ´やデータセンターのアクセス性能に関する重要なèª¿æ´を行うための基ç¤となります。<|end|>
mlx-community/Phi-3.5-vision-instruct-4bit,29.662096,

指示にå¾い、画面のスクリーンショットがあります。この画面は、AWSのデータセンターの設定に関する情報を提ä¾しています。このデータセンターの設定には、ドメイン名、AWS Load Balancerの設定、ACMの設定、Route53の設定、およびèª¿æ´がå«まれています。これらの設定は、AWSのデータセンターのアクセスに関する重要な情報を提ä¾し、アプリケーションのèª¿æ´やデータセンターのアクセス性能に関する重要なèª¿æ´を行うための基ç¤となります。<|end|>
mlx-community/Phi-3.5-vision-instruct-4bit,31.474078,

指示にå¾い、画面のスクリーンショットがあります。この画面は、AWSのデータセンターの設定に関する情報を提ä¾しています。このデータセンターの設定には、ドメイン名、AWS Load Balancerの設定、ACMの設定、Route53の設定、およびèª¿æ´がå«まれています。これらの設定は、AWSのデータセンターのアクセスに関する重要な情報を提ä¾し、アプリケーションのèª¿æ´やデータセンターのアクセス性能に関する重要なèª¿æ´を行うための基ç¤となります。<|end|>
mlx-community/deepseek-vl2-small-4bit,63.517077,このスクリーンショットは、AWSアカウントのルート53管理に関する情報を提供しています。

最も重要な内容は、subドメインをAWS Load Balancer Controllerとexternal-dnsを利用して設定することです。これにより、ALBが立ち上がってアレコードを登録するのが自動で行われるようになり、subsub.sub.domain.comと可能性があります。さらに、subドメインのACM証明書を作成し、DNSの検証も行うことで、subドメインをアカウントBに移動することが可能です。

このシナリオでは、sub.domain.comをアカウントBに移動するために
mlx-community/deepseek-vl2-small-4bit,54.130109,このスクリーンショットは、AWSアカウントのルート53管理に関する情報を提供しています。

最も重要な内容は、subドメインをAWS Load Balancer Controllerとexternal-dnsを利用して設定することです。これにより、ALBが立ち上がってアレコードを登録するのが自動で行われるようになり、subsub.sub.domain.comと可能性があります。さらに、subドメインのACM証明書を作成し、DNSの検証も行うことで、subドメインをアカウントBに移動することが可能です。

このシナリオでは、sub.domain.comをアカウントBに移動するために
mlx-community/deepseek-vl2-small-4bit,51.938417,このスクリーンショットは、AWSアカウントのルート53管理に関する情報を提供しています。

最も重要な内容は、subドメインをAWS Load Balancer Controllerとexternal-dnsを利用して設定することです。これにより、ALBが立ち上がってアレコードを登録するのが自動で行われるようになり、subsub.sub.domain.comと可能性があります。さらに、subドメインのACM証明書を作成し、DNSの検証も行うことで、subドメインをアカウントBに移動することが可能です。

このシナリオでは、sub.domain.comをアカウントBに移動するために
mlx-community/deepseek-vl2-small-4bit,56.950536,このスクリーンショットは、AWSアカウントのルート53管理に関する情報を提供しています。

最も重要な内容は、subドメインをAWS Load Balancer Controllerとexternal-dnsを利用して設定することです。これにより、ALBが立ち上がってアレコードを登録するのが自動で行われるようになり、subsub.sub.domain.comと可能性があります。さらに、subドメインのACM証明書を作成し、DNSの検証も行うことで、subドメインをアカウントBに移動することが可能です。

このシナリオでは、sub.domain.comをアカウントBに移動するために
mlx-community/deepseek-vl2-small-4bit,49.290535,このスクリーンショットは、AWSアカウントのルート53管理に関する情報を提供しています。

最も重要な内容は、subドメインをAWS Load Balancer Controllerとexternal-dnsを利用して設定することです。これにより、ALBが立ち上がってアレコードを登録するのが自動で行われるようになり、subsub.sub.domain.comと可能性があります。さらに、subドメインのACM証明書を作成し、DNSの検証も行うことで、subドメインをアカウントBに移動することが可能です。

このシナリオでは、sub.domain.comをアカウントBに移動するために